sno,district,mandal,village,CO3,HCO3,Cl,F,NO3 ,SO4,Na,K,Ca,Mg,T.H,SAR
1,ADILABAD,Adilabad,Adilabad,0,220,60,0.44,42.27681818,46,49,4,48,38.896,279.9342105,1.273327902
2,ADILABAD,Bazarhatnur,Bazarhatnur,0,230,80,0.56,100.6590909,68,42,5,56,63.206,399.8930921,0.913165517
3,ADILABAD,Gudihatnoor,Gudihatnoor,0,200,30,0.66,41.47154545,44,45,2,24,38.896,219.9342105,1.319283964
4,ADILABAD,Jainath,Jainath,0,160,10,0.58,10.66986364,35,27,1,32,19.448,159.9671053,0.928155164
5,ADILABAD,Narnoor,Narnoor,0,300,340,2.56,128.8436364,280,298,5,56,92.378,519.84375,5.682664477
6,ADILABAD,Neradigonda,Neradigonda,0,340,60,0.61,66.435,43,73,22,80,34.034,339.9424342,1.72144176
7,ADILABAD,Talamadugu,Talamadugu,0,340,330,0.65,193.2654545,143,162,13,88,126.412,739.7861842,2.589608252
8,ADILABAD,Tamsi,Tamsi,30,210,40,1.8,144.9490909,70,85,5,48,43.758,299.9259868,2.133949028
9,ADILABAD,Utnoor,Utnoor,0,420,290,0.53,134.8831818,268,321,6,48,97.24,519.8355263,6.121307804
10,BHADRADRI,Annapureddypalli,Annapureddypalli,0,57.63929176,30,0.07,24.3595,4,10.20021285,3.2,24,9.724,99.98355263,0.443523991
11,BHADRADRI,Ashwapuram,Aswapuram,0,207.8719019,380,0.59,159.444,37,150.3975766,1.9,64,106.964,599.8190789,2.669948378
12,BHADRADRI,Bhadrachalam,Bhadrachalam,0,547.1956631,140,0.9,11.29395,13,190.9923317,6,24,72.93,359.8766447,4.377349903
13,BHADRADRI,Burgampad,M.Banjara,60,299.9504311,170,0.71,70.864,30,161.8440782,8,24,68.068,339.8848684,3.816832154
14,BHADRADRI,Chandrugonda,Ravikampadu,0,240.9818024,280,0.63,735.214,18,235.1246184,17,24,165.308,739.7203947,3.758689678
15,BHADRADRI,Dummugudem,Bandirevu,40,249.5312086,90,1.03,7.9722,7,72.64980488,0.77,40,43.758,279.9259868,1.887926173
16,BHADRADRI,Gundala,Kanchanapalli,0,114.2435835,60,0.29,219.2355,11,22.59306207,67.13,56,29.172,259.9506579,0.609258784
17,BHADRADRI,Julurpadu,P. Narsapuram,60,500.1277753,480,0.73,210.3775,18.25,326.4744644,19.5,32,155.584,719.7368421,5.290960448
18,BHADRADRI,Karakagudem,Karakagudem,0,177.4579446,40,1.11,0.4429,8,29.8891904,17.6,32,19.448,159.9671053,1.027474311
19,BHADRADRI,Laxmidevipalli,Laxmidevipalli,0,248.2682761,110,0.47,95.2235,19,81.68477438,9.8,72,34.034,319.9424342,1.985534124
20,BHADRADRI,Manuguru,Pagideru,40,142.3407799,30,0.47,0.8858,2.25,39.99707701,35.47,32,4.862,99.99177632,1.739074858
21,BHADRADRI,Palwancha,REGELLA,0,153.5363021,160,0.26,141.728,40,85.27975782,16.1,64,43.758,339.9259868,2.011064218
22,BHADRADRI,Tekulapalli,Bethampudi,0,208.1390606,360,0.49,335.2753,41.75,68.17983978,1.9,120,145.86,899.7532895,0.98824908
23,BHADRADRI,Tekulapalli,Mutyalampadu,40,352.8490341,130,0.98,57.35555,15.5,193.8426385,7.9,40,29.172,219.9506579,5.682753839
24,BHADRADRI,Yellandu,Komararam,60,242.0656571,110,1.5,18.136755,18,73.11603375,1.23,72,38.896,339.9342105,1.724198853
25,BHUPALPALLY,Ghanpur Mulug,Chelpur(D),0,110,20,0.27,3.422409091,57,27,2,24,19.448,139.9671053,0.992254181
26,BHUPALPALLY,Kataram,Shankarampally 125(D),0,110,40,0.36,22.145,14,16,4,24,24.31,159.9588816,0.550032013
27,BHUPALPALLY,Mahadevpur,Ambatipalli,0,110,30,0.14,29.99640909,14,22,3,32,14.586,139.9753289,0.808479657
28,BHUPALPALLY,Regonda,Regonda,0,260,190,1.04,121.3948636,88,156,1,48,63.206,379.8930921,3.479894391
29,HYDERABAD,Ameerpet,S.R.Nagar,0,274.9990597,60,1.56,37.42505,15,33.18059628,1.17,104,19.448,339.9671053,0.782416322
30,HYDERABAD,Asifnagar,Himayanagar,0,215.6713142,220,2.49,22.167145,24,164.4849717,2.1,72,9.724,219.9835526,4.821734384
31,HYDERABAD,Asifnagar,Kulsanapur,0,366.7292285,110,1.08,58.68425,21,101.9418385,16.74,96,29.172,359.9506579,2.336162993
32,HYDERABAD,Bandlaguda,Chandraingutta,0,398.6932882,170,0.841,52.7051,33,94.40207972,3.56,160,29.172,519.9506579,1.800000642
33,HYDERABAD,Charminar,Darul Shifa,0,275.0978692,60,0.794,10.164555,17,57.11590859,22.89,56,24.31,239.9588816,1.603100831
34,HYDERABAD,Maredpally,Maredpally(s),0,316.4927306,160,1.6,118.6972,43,80.16061447,1.7,168,24.31,519.9588816,1.528441078
35,HYDERABAD,Nampally,Nampally,40,346.3307385,120,1.23,38.31085,22,105.3718166,9.9,80,43.758,379.9259868,2.35042897
36,HYDERABAD,Saidabad,Juvinile home,0,227.687161,90,0.835,52.04075,18,78.69718452,9.89,64,19.448,239.9671053,2.20879547
37,JAGITYAL,Dharmapuri,Dharmapuri,0,140,520,0.55,39.45836364,248,282,10,88,77.792,539.8684211,5.276881116
38,JAGITYAL,Gollapalli,Gollapalli,0,100,150,0.91,63.21390909,73,85,6,24,48.62,259.9177632,2.292308735
39,JAGITYAL,Ibrahimpatnam,Ibrahimpatnam,0,190,110,1.53,77.30618182,148,135,7,40,38.896,259.9342105,3.640610452
40,JAGITYAL,Jagityal,Jagityal,0,100,100,0.27,45.09527273,68,92,1,24,19.448,139.9671053,3.381014248
41,JAGITYAL,Kathalapur,Kathalapur,0,180,140,0.91,41.67286364,124,107,6,64,34.034,299.9424342,2.686191595
42,JAGITYAL,Kodimal,Chepial,0,140,50,0.49,5.234272727,60,70,2,40,19.448,179.9671053,2.268682068
43,JAGITYAL,Korutla,Korutla,0,190,170,1.31,62.40863636,119,30,2,56,97.24,539.8355263,0.561387435
44,JAGITYAL,Mallapur,Mallapur,0,200,100,1.15,62.81127273,100,165,14,48,5,120,6.548856666
45,JAGITYAL,Mallial,Nukapalli,80,380,240,2.43,18.31995455,115,202,14,80,48.62,399.9177632,4.391755826
46,JAGITYAL,Metpalli,Metpalli,0,310,140,2.89,22.74895455,86,165,45,24,34.034,199.9424342,5.073452757
47,JAGITYAL,Pegadapalli,Pegadapalli,0,310,120,2.4,46.5045,41,200,13,24,38.896,219.9342105,5.863484282
48,JAGITYAL,Raikal,Raikal,0,90,120,1.22,43.68604545,100,52,4,64,29.172,279.9506579,1.351247058
49,JAGITYAL,Sarangapur,Sarangapur,0,140,150,2.25,82.54045455,122,112,2,56,38.896,299.9342105,2.811753112
50,JAGITYAL,Velgatur,Velgatur,50,200,150,0.71,62.81127273,115,114,4,56,58.344,379.9013158,2.542972223
51,JANGAON,Bachannapet,Bachannapet,30,160,30,1.55,24.76213636,44,61,8,16,29.172,159.9506579,2.097050957
52,JANGAON,Devaruppula,Singarajupalli,0,230,230,0.65,177.16,152,188,8,80,58.344,439.9013158,3.897197208
53,JANGAON,Jangaon,Jangaon,0,210,110,0.81,72.87718182,85,114,6,48,34.034,259.9424342,3.07424464
54,JANGAON,Lingala ghanpur,Lingala ghanpur,50,220,110,0.37,46.30318182,90,133,7,48,34.034,259.9424342,3.586618747
55,JANGAON,Palakurthi,Palakurthi,0,130,20,1.21,5.435590909,27,42,2,8,19.448,99.96710526,1.826387374
56,JANGAON,Raghunadhapalli,Raghunadhapalli,30,270,150,1.36,43.08209091,105,136,3,56,53.482,359.9095395,3.116839172
57,JANGAON,Zafergad,Zafergad,0,260,340,0.2,26.574,171,214,12,80,63.206,459.8930921,4.338678745
58,JOGULAMBA(GADWAL),Alampur,Alampur,40,430.7977641,720,0.65,1.06296,136,714.8001947,5.9,32,4.862,99.99177632,31.0795473
59,JOGULAMBA(GADWAL),Dharoor,Dharoor,0,356.3603859,340,2.52,149.92165,32,92.84248259,6.6,56,160.446,799.7286184,1.427406237
60,JOGULAMBA(GADWAL),Dharoor,Neelahally,0,382.9369833,390,1.04,21.812825,95,196.2029156,3.3,112,87.516,639.8519737,3.372390552
61,JOGULAMBA(GADWAL),Gadwal,Gadwal,0,414.942978,600,0.45,68.2066,110,218.734442,3.3,120,165.308,979.7203947,3.038353229
62,JOGULAMBA(GADWAL),Gattu,Gattu,20,275.9653557,190,0.616,77.9504,18,44.22634977,1.89,184,24.31,559.9588816,0.812596957
63,JOGULAMBA(GADWAL),Ieeza,Ieeza,40,664.1472968,370,0.719,134.6416,40,568.3305615,6.6,24,24.31,159.9588816,19.53750018
64,JOGULAMBA(GADWAL),K-T Doddi,Kondapur,0,193.934322,180,0.46,183.13915,30,100.0220632,1.53,104,38.896,419.9342105,2.122156188
65,JOGULAMBA(GADWAL),K-T Doddi,Kuchinerla,0,198.3671489,30,0.95,46.5045,10,24.83216741,0.37,56,24.31,239.9588816,0.696976888
66,JOGULAMBA(GADWAL),Maldakal,Maldakal,0,300.5375921,260,3.08,153.90775,24,106.2358424,1.56,48,116.688,599.8026316,1.885988528
67,JOGULAMBA(GADWAL),Manopad,Manopad,0,575.9846386,570,0.88,154.5721,162,589.2740193,51.6,32,68.068,359.8848684,13.50540662
68,JOGULAMBA(GADWAL),Waddepalli,Santhinagar,0,553.2378092,550,0.99,126.00505,176,409.5295499,12.7,80,131.274,739.7779605,6.546462941
69,KAMAREDDY,Bansawada,Bansawada,0,489.7614248,80,4.9,108.5105,138.25,279.7578626,2.2,40,34.034,239.9424342,7.852373252
70,KAMAREDDY,Bhiknoor,Bhiknoor,0,368.4292466,200,1.16,92.5661,21,87.94870116,8.57,120,63.206,559.8930921,1.616028589
71,KAMAREDDY,Bhiknoor,P.D.Mallareddy,0,300.8101093,50,1.06,65.1063,31.75,75.48433963,1.63,56,38.896,299.9342105,1.895029704
72,KAMAREDDY,Bibipet,Bibipet,0,235.1172326,150,1.12,80.38635,12.25,33.46075998,1.69,80,63.206,459.8930921,0.678390131
73,KAMAREDDY,BICHKUNDA,Pulkal,0,249.0475642,220,1.05,77.5075,23.25,79.92125619,4.17,144,29.172,479.9506579,1.586120469
74,KAMAREDDY,Domakonda,Domakonda,0,272.8950739,170,1.67,70.4211,16.5,107.3902156,3.93,88,34.034,359.9424342,2.461049525
75,KAMAREDDY,Gandhari,Gandhari,0,391.4417759,50,1.74,12.246185,12.75,70.54645356,1.28,40,58.344,339.9013158,1.663684335
76,KAMAREDDY,Gandhari,Sarvapoor,0,333.3975339,70,1.62,52.97084,12.25,80.46929257,2,64,38.896,319.9342105,1.956014214
77,KAMAREDDY,Jukkal,Jukkal,0,552.000145,720,2.98,143.9425,90,409.1738344,190.5,112,97.24,679.8355263,6.823042712
78,KAMAREDDY,Kamareddy,Adloor,0,189.9100716,60,2.01,34.5462,6.25,42.2707476,2.53,80,4.862,219.9917763,1.239107169
79,KAMAREDDY,Kamareddy,Narasannapally,0,306.5545796,80,2.8,33.88185,15.5,77.92151393,2.2,88,19.448,299.9671053,1.956107552
80,KAMAREDDY,Lingampet,Bhavanipet,0,380.2096233,100,1.34,81.9365,15,106.1481337,3.44,88,38.896,379.9342105,2.367719913
81,KAMAREDDY,Machareddy,Machareddy,0,205.3209584,30,0.97,5.602685,6,19.47194868,1.02,64,14.586,219.9753289,0.570813969
82,KAMAREDDY,Maddnur,Menoor,0,231.7319922,40,0.56,50.9335,9,45.93396045,4.37,72,14.586,239.9753289,1.289207307
83,KAMAREDDY,Nagireddipet,Malthummeda,0,328.9507106,80,1.5,17.250955,9.25,51.24898723,2.63,72,43.758,359.9259868,1.174494127
84,KAMAREDDY,Nasurullabad,Nasurullabad,0,353.1889565,40,1.5,14.460685,14.25,65.56554923,1.88,88,19.448,299.9671053,1.645928827
85,KAMAREDDY,Nizamsagar,Mohammadnagar,0,225.4979664,50,0.6,15.169325,7.75,37.77247864,0.48,64,19.448,239.9671053,1.060160922
86,KAMAREDDY,Rajampet,Argonda,0,293.493258,20,1.37,8.63655,10,47.25617918,2.53,56,24.31,239.9588816,1.326362864
87,KAMAREDDY,RAMAREDDY,Reddypet,0,300.531409,100,1.1,39.19665,1.5,65.10218026,2.21,80,34.034,339.9424342,1.535200161
88,KAMAREDDY,Sadasivanagar,Sadasivanagar,0,171.8470359,60,1.7,35.432,11.5,27.65815402,2.26,80,9.724,239.9835526,0.776255367
89,KAMAREDDY,Tadwai,Yerrapahad,0,254.9079567,100,0.98,106.7389,22,52.25441718,1.24,80,48.62,399.9177632,1.136082382
90,KARIMNAGAR,Choppadandi,Rukmapur,0,160,20,0.29,31.003,32,57,3,16,19.448,119.9671053,2.262642445
91,KARIMNAGAR,Gangadhara,Gangadhara,0,220,70,1.04,31.40563636,51,89,5,32,29.172,199.9506579,2.736533392
92,KARIMNAGAR,Huzurabad,Huzurabad,0,180,50,0.74,45.49790909,56,75,4,24,29.172,179.9506579,2.430841869
93,KARIMNAGAR,Saidapur,Saidapur,0,170,80,1.28,142.3319545,66,114,2,32,34.034,219.9424342,3.342123558
94,KARIMNAGAR,Thimmapur,Alugunur,0,120,20,0.87,20.73577273,32,44,4,16,14.586,99.97532895,1.913279506
95,KHAMMAM,Bonakal,Mustikunta,0,416.512779,400,0.66,221.45,42,129.4793928,4.7,48,199.342,939.6628289,1.8364825
96,KHAMMAM,Kallur,Kallur,0,162.1474986,190,1.14,62.006,21,100.3156578,11,40,43.758,279.9259868,2.606869437
97,KHAMMAM,Kamepalli,Kothalingala,40,171.8690718,120,0.83,86.3655,14,84.85990054,8,104,4.862,279.9917763,2.204966748
98,KHAMMAM,Khammam (R ),M.V.Palem,0,474.2730924,380,1.1,243.595,44,168.6257531,8.8,184,106.964,899.8190789,2.444097167
99,KHAMMAM,Khammam(U),Khammam I,0,405.2368415,80,2.03,12.4012,12,94.36825248,5,56,48.62,339.9177632,2.225415695
100,KHAMMAM,Khammam(U),Khammam-II,0,420.2476493,150,1.18,66.435,24,125.7870809,8.9,24,92.378,439.84375,2.607708184
101,KHAMMAM,Konijerla,Konijerla,0,293.9329627,130,1.18,57.577,20,60.61068885,3,72,58.344,419.9013158,1.286020128
102,KHAMMAM,Kusumanchi,Kusumanchi,0,231.7532008,130,1.12,93.009,19,35.72279257,2,112,38.896,439.9342105,0.740497673
103,KHAMMAM,Mudigonda,Mudigonda,0,287.2857324,90,1.09,110.725,18,48.39248297,6,72,58.344,419.9013158,1.026777757
104,KHAMMAM,Sathupalli,Prakashnagar,0,211.7210458,70,0.88,27.4598,11,40.70985836,2,24,48.62,259.9177632,1.097877222
105,KHAMMAM,Thallada,Anjanapuram,0,470.8198856,220,1.52,35.432,33,164.0807686,3.5,56,87.516,499.8519737,3.190870214
106,KHAMMAM,Thirumalayapalem,Bachode,0,517.0686891,190,0.74,53.148,25,102.3019911,7,40,131.274,639.7779605,1.758496923
107,KHAMMAM,Thirumalayapalem,Tirumalayapalem,0,232.708683,160,0.7,263.5255,27,115.8534108,1,112,43.758,459.9259868,2.348751193
108,KHAMMAM,Vemsur,Vemsur,0,174.4241532,130,0.73,95.2235,21,103.5167455,0.5,32,38.896,239.9342105,2.905605748
109,KHAMMAM,Yerrupalem,Banigandlapadu,0,388.2618294,20,1.19,64.2205,10,22.00807446,0.5,32,87.516,439.8519737,0.456247963
110,KUMURAM BHEEM,Asifabad,Asifabad,0,420,70,1.42,28.98981818,125,200,2,24,43.758,239.9259868,5.613885037
111,KUMURAM BHEEM,Kagaznagar,Kagaznagar,0,160,40,1.04,53.34931818,59,74,2,24,24.31,159.9588816,2.543898061
112,KUMURAM BHEEM,Kerameri,Kerameri,0,230,40,0.3,54.55722727,32,84,2,48,14.586,179.9753289,2.722356283
113,KUMURAM BHEEM,Kowthala,Kowthala,0,200,30,0.42,25.36609091,27,51,1,24,29.172,179.9506579,1.652972471
114,KUMURAM BHEEM,Rebbena,Rebbena II,0,240,40,1.01,21.74236364,30,68,0.3,24,34.034,199.9424342,2.0908775
115,KUMURAM BHEEM,Tiryani,Tiryani,0,290,30,0.79,16.30677273,30,55,15,32,43.758,239.9259868,1.543818385
116,MAHABUBABAD,Dhantalapally,Dhantalapally,0,280,260,2.94,82.54045455,197,249,2,56,58.344,379.9013158,5.554386698
117,MAHABUBABAD,Dornakal,Mannegudem,60,510,30,3.76,6.844818182,56,141,2,40,68.068,379.8848684,3.145323206
118,MAHABUBABAD,Kesamudram,Kesamudram,0,300,70,2.85,64.42181818,103,92,1,40,63.206,359.8930921,2.108498207
119,MAHABUBABAD,Koravi,Ayyagaripally,60,230,90,2.11,68.44818182,127,59,3,56,82.654,479.8601974,1.171026738
120,MAHABUBABAD,Mahabubabad,Mahabubabad,30,200,50,4.24,70.46136364,171,103,1,16,68.068,319.8848684,2.503874402
121,MAHABUBABAD,Marripeda,Marripeda,0,310,260,2.06,82.54045455,177,306,9,32,43.758,259.9259868,8.252180899
122,MAHABUBABAD,Nellikudur,Nellikudur,0,30,20,0.11,22.54763636,31,22,1,8,9.724,59.98355263,1.235033542
123,MAHABUBABAD,Torrur,Torrur,0,280,260,1.17,102.6722727,143,166,2,64,87.516,519.8519737,3.165486046
124,MAHABUBNAGAR,Bhoothpur,Elkicherla,0,112.4008831,50,0.19,1.99305,12,35.93565348,2.25,40,4.862,119.9917763,1.426336413
125,MAHABUBNAGAR,CC Kunta,Damagnapur,60,173.5035021,50,0.52,1.10725,10,63.72342624,2.5,32,24.31,179.9588816,2.065307109
126,MAHABUBNAGAR,CC Kunta,Kurumurthy,80,106.4767662,100,0.68,7.0864,18,71.00984334,3.69,48,19.448,199.9671053,2.183290066
127,MAHABUBNAGAR,CC Kunta,Thirmalapur,40,143.3229446,40,0.76,1.99305,14,53.76548932,3.3,40,9.724,139.9835526,1.975773977
128,MAHABUBNAGAR,Devarkadara,Devarakadra,0,544.4160821,250,2.24,14.6157,50,274.7317129,2.4,48,63.206,379.8930921,6.128444532
129,MAHABUBNAGAR,Hanwada,Hanwada,0,196.3152925,270,0.58,188.2325,35,99.51565681,3.55,80,87.516,559.8519737,1.82863476
130,MAHABUBNAGAR,Jadcherla,Jadcherla,0,185.2007054,350,1.38,133.7558,38,64.66671084,1.9,120,97.24,699.8355263,1.062808314
131,MAHABUBNAGAR,Koilkonda,Dammaipally,0,232.7465643,280,0.65,93.67335,25,119.9665707,2.47,104,53.482,479.9095395,2.380963386
132,MAHABUBNAGAR,Mahabubnagar (R) ,Kodur,20,264.8113081,190,1.25,39.861,14,156.5653097,8.8,48,34.034,259.9424342,4.222105826
133,MAHABUBNAGAR,Mahabubnagar(U),Yenugonda,0,312.0216578,350,1.26,108.0676,25,174.6639509,29.5,64,87.516,519.8519737,3.330700599
134,MAHABUBNAGAR,Midjil,Kothapalli,0,366.622134,350,1.22,107.6247,29,263.9425723,2.5,56,68.068,419.8848684,5.600367115
135,MAHABUBNAGAR,Nawabpet,Nawabpet,0,186.1912569,330,0.69,188.2325,21,119.4802649,1.78,56,106.964,579.8190789,2.157357356
136,MANCHERIAL,Bellampally,Bellampally I,0,220,70,0.29,21.33972727,40,52,4,32,43.758,259.9259868,1.402331395
137,MANCHERIAL,Chennur,Chennur I,0,220,80,0.74,12.28040909,38,84,1,40,24.31,199.9588816,2.582742449
138,MANCHERIAL,Jaipur,Jaipur,50,320,540,0.92,3.019772727,327,576,4,16,43.758,219.9259868,16.88715045
139,MANCHERIAL,Mandamarri,Mandamarri,0,170,170,0.26,18.52127273,205,174,1,48,34.034,259.9424342,4.692268135
140,MANCHERIAL,Tandur,Tandur ,0,170,60,0.4,43.48472727,42,40,6,48,29.172,239.9506579,1.122719286
141,MANCHERIAL,Vemanpally,Neelwai,0,220,60,0.39,2.818454545,32,36,2,48,34.034,259.9424342,0.970814097
142,MEDAK,Chegunta,Chegunta,0,337.0102441,30,2.29,14.1728,6,92.85292624,2.5,40,24.31,199.9588816,2.854942787
143,MEDAK,Havelighanpur,Mutayapally,0,258.2009705,90,0.9,20.59485,14,65.52229149,1.81,64,29.172,279.9506579,1.702630839
144,MEDAK,Kulcharam,Rangampet,0,356.7968476,110,1.02,17.49455,13,95.48600542,2.31,56,48.62,339.9177632,2.251774824
145,MEDAK,Medak,Medak,0,188.1867722,130,0.88,19.9305,10,56.94063963,1.8,48,38.896,279.9342105,1.479675616
146,MEDAK,Narasapur,Narasapur,0,218.9210881,280,0.93,101.867,21,105.2190557,2.85,72,77.792,499.8684211,2.046155867
147,MEDAK,Narasapur,Reddypally,0,309.1461123,400,1.21,143.9425,34,201.693798,5.5,96,87.516,599.8519737,3.580491623
148,MEDAK,Papannapet,Papannapet,0,438.516296,130,1.16,26.574,24,100.9264493,1.93,64,72.93,459.8766447,2.046239583
149,MEDAK,Regode,T.lingampally,0,147.0444787,170,0.98,29.89575,19,74.57495511,13.5,72,19.448,259.9671053,2.01097173
150,MEDAK,Shankarampet ,Gavvalapalli,0,166.4274112,150,1.73,20.15195,16,72.73548026,0.85,48,34.034,259.9424342,1.961461933
151,MEDAK,Shankarampet R,Shankarampet,0,337.6767061,590,1.14,232.5225,42,305.9359156,3.3,160,87.516,759.8519737,4.82545345
152,MEDAK,Shivampet,Shivampet,0,212.4227157,480,0.75,155.015,29,119.7580697,4.2,160,97.24,799.8355263,1.841096727
153,MEDAK,Shivampet,Gudur,0,209.0156994,320,0.63,201.5195,28,138.4252969,6.5,96,77.792,559.8684211,2.543575549
154,MEDAK,Shivampet,Usrikapally,0,266.6117541,40,1.34,24.8024,10,63.58111447,1.87,48,24.31,219.9588816,1.863929787
155,MEDAK,Tekmal,Tekmal,0,264.9932882,170,0.75,155.015,18,91.93025039,1.44,48,82.654,459.8601974,1.863878919
156,MEDAK,Toopran,Islampur,0,113.627387,30,1.57,13.7299,6,25.34785991,1.3,32,9.724,119.9835526,1.006126537
157,MEDAK,Toopran,Toopran,0,172.1695995,770,0.32,186.018,36,169.4580472,5,264,106.964,1099.819079,2.221640259
158,MEDAK,Yeldurthy,Edulapally,0,136.1340537,30,0.57,2.87885,8,22.0852428,3.85,32,14.586,139.9753289,0.811612251
159,MEDAK,Yeldurthy,Kukunoor,0,194.748032,80,0.86,37.6465,13,44.80065673,0.95,48,34.034,259.9424342,1.20814192
160,MEDAK,Yeldurthy,Ramayapally,0,121.8958017,40,0.57,2.43595,8,21.8373952,3.87,40,9.724,139.9835526,0.802480508
161,MEDCHAL,Alwal,Old Alwal,0,340.3265974,50,3.6,9.07945,12,80.39848452,3.6,72,19.448,259.9671053,2.168007735
162,MEDCHAL,Balanagar,Balanagar 1,0,337.9000242,120,1.78,12.62265,19,158.9467674,1.9,40,24.31,199.9588816,4.887125755
163,MEDCHAL,Kukatpally,Kaithalapur,0,388.5544577,460,1.28,54.9196,31,189.9321594,2.7,192,58.344,719.9013158,3.077755998
164,MEDCHAL,Kukatpally,Kukatpally 1,0,153.6031013,30,0.42,2.2145,6,19.80130163,3.94,40,14.586,159.9753289,0.680674369
165,MEDCHAL,Malkajgiri,Malkajgiri,0,342.726715,240,2.46,143.0567,28,99.84615619,4.17,200,29.172,619.9506579,1.743512044
166,MEDCHAL,Qutubullapur,Gajularamaram 2,0,390.1001688,50,1.05,50.71205,18,105.5447845,1.05,88,19.448,299.9671053,2.649550036
168,MEDCHAL,Qutubullapur,Qutubullapur 2,0,376.3478181,200,0.92,38.0894,9,151.7265771,2.2,56,58.344,379.9013158,3.384530448
170,MULUGU,Eturu Nagaram,Eturu Nagaram (D),30,40,20,0.07,79.35580223,10,19,1,16,14.586,79.97532895,0.923735741
171,MULUGU,Eturu Nagaram,Eturu Nagaram (S),0,120,30,0.16,9.8080205,8,33,1,24,9.724,99.98355263,1.434900615
172,MULUGU,Govindaraopet,Pasra,0,380,250,1.3,10.69965873,84,223,0.5,40,58.344,339.9013158,5.258968919
173,MULUGU,Govindaraopet,Project Nagar,0,520,110,1.04,45.47354959,121,257,11,40,34.034,239.9424342,7.213595024
174,NAGARKURNOOL,Amarabad,Domalapenta,0,212.0815183,150,0.27,101.20265,18.25,69.39478669,18.77,80,38.896,359.9342105,1.590330711
175,NAGARKURNOOL,Balmur,Balmur,0,409.6734947,210,1.26,73.5214,13.5,73.42677121,12,152,58.344,619.9013158,1.282228177
176,NAGARKURNOOL,Bijinepalli,Bijinepalli,0,399.6103422,320,1.06,137.52045,20.5,82.90497879,2.28,120,126.412,819.7861842,1.258932598
177,NAGARKURNOOL,Kalwakuthy,Kalwakuthy,0,354.8408403,330,2.4,223.88595,18.25,98.97333282,4.2,104,136.136,819.7697368,1.502949603
178,NAGARKURNOOL,Kodair,Kodair,0,486.8347484,130,1.83,58.24135,12.5,84.12445627,1.67,88,82.654,559.8601974,1.545804751
179,NAGARKURNOOL,Kollapur,Kollapur,0,417.3675018,600,1.19,84.151,25,240.9355435,0.9,136,126.412,859.7861842,3.572545807
180,NAGARKURNOOL,Lingal,Ambatipally,0,401.1507603,130,2.89,52.2622,15.75,135.3795653,1.4,48,58.344,359.9013158,3.102655538
181,NAGARKURNOOL,Nagarkurnool,Nagarkurnool,0,341.3790364,240,1.5,108.73195,19.75,130.537583,0.22,112,58.344,519.9013158,2.489128244
182,NAGARKURNOOL,Telkapally,Telkapally,0,581.6253822,420,0.79,256.66055,38.25,243.8144868,15.3,120,145.86,899.7532895,3.5340277
183,NAGARKURNOOL,Thimmajipet,Gummakonda,0,367.2432106,80,0.56,104.5244,13.75,13.34107229,1.14,112,68.068,559.8848684,0.245139636
184,NAGARKURNOOL,Uppununuthala,Uppununthala,0,345.4325897,150,0.76,85.4797,10.75,21.71424667,2.27,72,102.102,599.8273026,0.385481745
185,NAGARKURNOOL,Veldanda,Veldanda,0,390.8383193,620,0.881,664.35,43.75,218.9643425,6.2,280,170.17,1399.712171,2.544639075
186,NALGONDA,Advidevulapally,Ulsaipalem,0,282.8193913,130,1.59,13.46416,23,77.89601718,1.41,56,48.62,339.9177632,1.836963329
187,NALGONDA,Anumula,Anumula,60,617.5004009,20,4.56,143.0567,22,375.8479706,3.1,8,5,40,25.83773133
188,NALGONDA,Anumula,Chintagudem,0,143.234135,40,0.35,0.8858,12,33.75748878,2.95,48,4.862,139.9917763,1.24048362
189,NALGONDA,Anumula,Rajavaram,0,301.6927609,310,0.54,34.878375,102,115.1167124,0.52,160,58.344,639.9013158,1.978581939
190,NALGONDA,Anumula,Sreerampur,0,343.2149609,200,0.82,39.19665,39,114.6073525,1.94,104,48.62,459.9177632,2.323510034
191,NALGONDA,Chandampet,Chandampet,0,383.0599851,320,1.44,48.719,31,175.8569102,1.5,152,38.896,539.9342105,3.290494579
192,NALGONDA,Chandur,Angadipet,60,483.2437132,310,3.48,284.3418,41,483.7845573,4.7,24,38.896,219.9342105,14.18331574
193,NALGONDA,Chandur,Bangarigadda,20,542.2682701,80,3.13,29.6743,18,289.6110546,2.1,16,14.586,99.97532895,12.59333853
194,NALGONDA,Chandur,Chandur,40,349.8326311,60,1.84,94.55915,24,102.959453,2.8,56,53.482,359.9095395,2.359618061
195,NALGONDA,Chandur,Sirdepally,40,284.2767722,130,1.91,58.68425,19,112.0377129,2.23,32,63.206,339.8930921,2.64219721
196,NALGONDA,Chityala,Veliminedu,0,298.1381315,180,1.01,198.19775,20,94.43889745,1.75,80,82.654,539.8601974,1.767186632
197,NALGONDA,Devarakonda,Padamtipally,0,203.4671549,60,1.13,133.7558,11,23.38753429,3.79,72,43.758,359.9259868,0.535981746
198,NALGONDA,Devarakonda,Tatikole,40,274.5623056,20,2.64,14.1728,14,152.4908123,3.7,8,4.862,39.99177632,10.48408406
199,NALGONDA,Gundlapally,Vavikole,60,970.5889634,370,3.76,134.6416,45,696.9715615,52.5,24,24.31,159.9588816,23.95979194
200,NALGONDA,Gurrampode,Gurrampode,0,360.2593159,150,0.47,7.5293,35,57.93682515,0.61,176,14.586,499.9753289,1.126555441
201,NALGONDA,Gurrampode,Koppole,0,101.4866788,60,0.35,1.660875,13,37.61758289,2.55,40,4.862,119.9917763,1.493094547
202,NALGONDA,K.Mallepally,K.Mallepally,0,244.2159616,440,0.78,558.054,40,219.6721916,36.2,208,82.654,859.8601974,3.257116733
203,NALGONDA,kanagala,kanagala,0,293.4019471,210,0.97,24.58095,29,96.02446958,2.96,104,43.758,439.9259868,1.990509581
204,NALGONDA,Kattangur,Cheruvu Annaram,0,260.7374567,770,0.41,20.28482,27,98.93572639,3.28,264,131.274,1199.777961,1.241866382
205,NALGONDA,Kattangur,Kattangur,0,533.8639936,520,1.69,37.95653,23,332.9725306,3.6,144,63.206,619.8930921,5.814631174
206,NALGONDA,Marriguda,Marriguda,0,283.20758,200,3.3,77.0646,25,94.19945782,1.48,112,43.758,459.9259868,1.909750325
207,NALGONDA,Munugode,Kistapur,0,480.4154311,170,2.36,2.6574,18,216.7556348,3.8,32,48.62,279.9177632,5.632838903
208,NALGONDA,Munugode,Kompalli,0,388.3180803,320,0.717,106.296,27,176.2833391,7.4,176,34.034,579.9424342,3.182665443
209,NALGONDA,Nakrekal,Arlagaddagudam,0,364.4676613,210,1.29,25.001705,17,150.5274091,4.2,104,29.172,379.9506579,3.357562844
210,NALGONDA,Nakrekal,Nakrekal,0,278.3064137,320,0.68,45.84015,34,97.78230805,4.35,208,19.448,599.9671053,1.735676279
211,NALGONDA,Nakrekal,Vallabhapur,20,328.1154673,350,1.18,9.96525,24,247.0493225,12,64,43.758,339.9259868,5.825908343
212,NALGONDA,Nalgonda,Mushampally,20,285.3571038,200,0.88,58.9057,33,143.7238086,8.1,104,24.31,359.9588816,3.293627153
213,NALGONDA,Nalgonda,S L B C G V guda,0,106.4166034,80,0.369,2.546675,19,37.38850751,3.66,40,14.586,159.9753289,1.285238679
214,NALGONDA,Nalgonda,Seetarampuram,40,149.7509705,90,0.64,60.89875,20,77.82966687,4.1,56,19.448,219.9671053,2.281594524
215,NALGONDA,Narketpalli,Akkenepally,0,349.8810551,510,1.39,12.22404,43,239.8172365,4,144,63.206,619.8930921,4.187879333
216,NALGONDA,Narketpalli,Narketpalli,0,313.920877,20,3.92,46.5045,20,37.40802198,5.7,64,38.896,319.9342105,0.909298695
217,NALGONDA,Nidamanuru,Nidamanur,0,397.0572093,330,1.78,117.58995,41,374.3006246,36.3,48,9.724,159.9835526,12.86634071
218,NALGONDA,P.A Pally,Angadipet,0,280.5587825,260,0.57,217.9068,25,109.7419942,5.94,160,53.482,619.9095395,1.916376568
219,NALGONDA,Peddavoora,Velmaguda,40,227.0898493,40,2.71,3.63178,15,104.575608,1.29,16,19.448,119.9671053,4.151179114
220,NALGONDA,Shaligowraram,P.Kondaram,0,476.0389755,430,1.6,96.77365,17,284.1420921,3.4,88,87.516,579.8519737,5.130375677
221,NALGONDA,Thiparthy,Thipparthy,0,308.0032189,220,1.07,9.07945,22,87.13108243,9.56,96,53.482,459.9095395,1.766481381
222,NALGONDA,Thiparthy,Mamidala,0,582.3434453,950,1.01,420.755,134,366.6563255,197.5,184,228.514,1399.613487,4.261154552
224,NARAYANPET,Kosigi,Kosigi,0,155.1278664,440,0.71,376.465,38,71.86106115,4.14,184,126.412,979.7861842,0.998159936
225,NARAYANPET,Maddur,Maddur,0,154.4600544,270,0.83,83.04375,15,58.30705248,2.79,120,48.62,499.9177632,1.133819619
226,NARAYANPET,Makthal,Makthal,40,192.7563774,140,0.87,2.87885,22,101.9702086,2.32,56,24.31,239.9588816,2.862048949
227,NARAYANPET,Marikal,Marikal,0,388.6899247,20,2.04,14.83715,6,83.4421257,1.98,72,19.448,259.9671053,2.250081889
228,NARAYANPET,Narayanpet,Kollampally,100,362.6428692,60,2.02,29.2314,8,150.7620236,2.5,16,53.482,259.9095395,4.06586554
229,NARAYANPET,Narayanpet,Kotakonda,0,167.347134,350,0.75,192.88295,26,180.0455177,7.2,96,53.482,459.9095395,3.650213517
230,NARAYANPET,Narayanpet,Narayanapet,0,373.5708319,190,1.11,144.16395,31,111.6911638,2.61,64,97.24,559.8355263,2.052394078
231,NARAYANPET,Narva,Narva,0,536.4386198,240,1.35,42.0755,20,215.3232932,0.36,32,97.24,479.8355263,4.273827386
232,NARAYANPET,Utkoor,Utkoor,0,241.1174051,120,0.56,55.3625,18,100.1396797,4.41,56,29.172,259.9506579,2.70042986
233,NARAYANPET,Utkoor,Chinnaporla,0,415.1882403,720,1.43,310.03,50,422.9361745,6.5,104,140.998,839.7615132,6.345546243
234,NIRMAL,Kadam,Kadam,0,210,50,1.27,32.21090909,47,53,3,32,38.896,239.9342105,1.48765404
235,NIRMAL,Khanapur,Khanapur,0,210,40,0.48,46.10186364,67,61,2,32,38.896,239.9342105,1.712205593
236,NIRMAL,Kubeer,Kubeer,0,200,40,0.64,44.29,35,59,2,24,34.034,199.9424342,1.814143713
237,NIRMAL,Kuntala,Kuntala,0,230,90,1.05,27.17795455,109,87,5,32,53.482,299.9095395,2.184219483
238,NIRMAL,Laxmanchanda,Laxmanchanda,0,130,60,0.23,34.42540909,72,63,1,24,29.172,179.9506579,2.04190717
239,NIRMAL,Lokeswaram,Abdullapur,0,80,70,0.34,27.58059091,44,57,3,24,14.586,119.9753289,2.262564897
240,NIRMAL,Lokeswaram,Lokeswaram,0,180,20,0.67,7.650090909,16,41,3,16,24.31,139.9588816,1.506800616
241,NIRMAL,Mamada,Mamada,0,160,70,0.66,43.88736364,73,69,2,32,34.034,219.9424342,2.022864259
242,NIRMAL,Nirmal,Nirmal,20,90,30,0.31,2.617136364,39,43,2,16,14.586,99.97532895,1.869795881
243,NIRMAL,Sarangapur,Beeravelly,0,180,40,1.26,32.41222727,45,60,2,24,29.172,179.9506579,1.944673495
244,NIRMAL,Tanur,Bhosi,0,180,170,0.17,182.7969091,112,148,3,40,63.206,359.8930921,3.391931898
245,NIZAMABAD,Armoor,perkit,0,255.417806,140,1.1,209.27025,22,79.85293591,3.14,96,58.344,479.9013158,1.58484605
246,NIZAMABAD,Bheemgal,Bheemgal,0,452.601682,470,0.83,78.8362,23,147.4961885,5.3,96,160.446,899.7286184,2.137948277
247,NIZAMABAD,Bodhan,Bodhan,0,403.8887012,250,0.964,162.5443,30,171.5126738,3.5,176,29.172,559.9506579,3.151327228
248,NIZAMABAD,Darpally,Ramadugu,0,228.6890146,230,1.24,8.437245,20,87.66690542,1.46,80,48.62,399.9177632,1.905998231
249,NIZAMABAD,Dichpally,Yanampally,0,211.199135,40,1,12.97697,12,34.05380163,1.9,64,14.586,219.9753289,0.99827634
250,NIZAMABAD,Indalwai,Gannaram,0,207.1695842,300,0.699,240.4947,30,95.43079899,4.11,192,43.758,659.9259868,1.615150918
251,NIZAMABAD,Jakrampally,Jakrampally,0,178.8319982,70,0.928,37.42505,13,38.98749683,2.37,56,24.31,239.9588816,1.094281613
252,NIZAMABAD,Kammarapalli,Inayathnagar,0,325.8779176,300,1.08,122.6833,31,121.9907584,41.27,152,48.62,579.9177632,2.202499859
253,NIZAMABAD,Kotagiri,Kallur,0,412.4614016,260,1.27,38.75375,134,215.73876,0.16,96,63.206,499.8930921,4.195287948
254,NIZAMABAD,Morthad,Morthad,0,157.1197349,260,0.852,189.1183,18,76.33240433,2.46,152,38.896,539.9342105,1.428271214
255,NIZAMABAD,Mugpal,Manchippa,0,318.5676553,180,0.969,186.23945,22,107.1757466,5.96,128,48.62,519.9177632,2.043625691
256,NIZAMABAD,Mupkal,Mupkal,0,256.247806,140,0.928,125.56215,19,84.98350433,1.27,96,38.896,399.9342105,1.847619434
257,NIZAMABAD,Nandipet,Ailapoor,0,336.8176553,180,1.13,79.2791,16,111.5437787,1.89,56,72.93,439.8766447,2.312341986
258,NIZAMABAD,Nandipet,Nutpally,0,207.1741592,160,1.09,56.91265,19,104.2529963,1.51,80,19.448,279.9671053,2.708988779
259,NIZAMABAD,Nandipet,Velmal,0,286.1175167,280,0.756,10.6296,39,157.598808,1.8,128,19.448,399.9671053,3.426201927
260,NIZAMABAD,Nizamabad,Arsapally,0,381.4181255,150,1.2,65.9921,16,70.41989156,2.54,72,82.654,519.8601974,1.342839885
261,NIZAMABAD,Renjal,Dupally,0,325.8779176,300,1.08,122.6833,31,121.9907584,41.27,152,48.62,579.9177632,2.202499859
262,NIZAMABAD,Rudrur,Rayakur,0,307.1994847,200,1.74,17.93745,14,67.8796969,2.59,64,77.792,479.8684211,1.347258626
263,NIZAMABAD,Sirikonda,Peddavolgote,0,398.9585896,90,1.35,41.41115,21,104.6739926,4.21,80,38.896,359.9342105,2.398829551
264,NIZAMABAD,Vailpoor,Ankushpur,0,282.2985263,170,0.913,105.18875,20,80.5001113,4.24,104,48.62,459.9177632,1.632031561
265,NIZAMABAD,Vailpoor,Vailpoor,0,251.4352232,320,0.871,56.2483,18,109.548683,3.28,120,58.344,539.9013158,2.049850234
266,NIZAMABAD,Varni,Varni,0,341.360006,30,1.48,14.239235,7,59.43722198,1.11,48,38.896,279.9342105,1.544552514
267,NIZAMABAD,Yedapalli,Yedapalli,0,411.6723991,90,2.17,34.302605,20,154.8754567,1.8,48,34.034,259.9424342,4.176535463
268,PEDDAPALLY,Dharmaram,Dharmaram,0,200,270,0.74,31.003,178,209,28,40,48.62,299.9177632,5.247076015
269,PEDDAPALLY,Eligedu,Eligedu,0,130,120,1.39,17.11204545,79,84,10,32,29.172,199.9506579,2.582795561
270,PEDDAPALLY,Julapalli,Julapalli,0,120,190,4.43,1.811863636,180,136,1,40,43.758,279.9259868,3.534186498
271,PEDDAPALLY,Odella,Odella,0,130,230,0.35,89.18395455,96,182,8,48,24.31,219.9588816,5.335471453
272,PEDDAPALLY,Peddapalli,Peddapalli,0,150,180,1.49,110.9263182,86,145,21,48,29.172,239.9506579,4.06985741
273,RANGAREDDY,Chevella,Alur,60,178.9222242,10,0.71,33.2175,7,14.1310685,1.75,48,34.034,259.9424342,0.381073347
274,RANGAREDDY,Amangal,Amangal,0,320.7805306,270,0.65,239.166,31,121.5265423,1,168,63.206,679.8930921,2.026389802
275,RANGAREDDY,Chevella,Dharmasagar,100,187.5182701,80,0.7,40.52535,12,32.06496904,3.8,88,38.896,379.9342105,0.71523505
276,RANGAREDDY,Serilingampally,Gachibowli,60,54.79771251,70,0.58,2.6574,13,41.8859952,2.17,40,9.724,139.9835526,1.539226377
277,RANGAREDDY,Kandukur,Kandukur,0,362.193264,50,1.84,35.432,11,82.63768615,2.1,64,34.034,299.9424342,2.074585588
278,RANGAREDDY,Keshampet,Keshampet,0,148.31714,380,0.62,272.3835,21,101.4417798,3.1,152,82.654,719.8601974,1.643860438
279,RANGAREDDY,Kothur,Kothur,0,190.4826464,530,0.65,205.9485,57,257.8130012,5,144,63.206,619.8930921,4.50213569
280,RANGAREDDY,Madgula,Madgula,0,312.8174172,180,0.97,42.29695,23,98.64370488,2.3,96,43.758,419.9259868,2.092932218
281,RANGAREDDY,Maheswaram,Maheswaram,0,262.8738397,150,1.64,88.58,13,76.98178831,2.65,72,53.482,399.9095395,1.673706403
282,RANGAREDDY,Manchal,Manchal,40,324.8120526,340,4.77,101.867,34,257.3996798,1.4,32,82.654,419.8601974,5.461699647
283,RANGAREDDY,Ibrahimpatnam,Mangalpally,80,254.8333454,60,1.59,59.7915,12,94.31462036,3.8,72,24.31,279.9588816,2.45077849
284,RANGAREDDY,Moinabad,Moinabad,0,315.3506571,110,0.99,108.5105,27,51.88061293,4.1,88,63.206,479.8930921,1.029686486
285,RANGAREDDY,Shamshabad,Palmokole,40,309.9444606,80,1.66,25.46675,16,141.4692268,2,32,29.172,199.9506579,4.349834416
286,RANGAREDDY,Rajender Nagar,Rajender Nagar,0,556.1109258,1050,1.72,44.29,320,161.7915062,2.3,488,213.928,2099.638158,1.535167097
287,RANGAREDDY,Farooqnagar,Shadnagar,0,316.7534751,310,2.05,106.296,18,97.65486215,2.75,128,82.654,659.8601974,1.652875221
288,RANGAREDDY,Shahbad,Shahbad,0,190.7854009,20,1.19,9.7438,7,25.95773746,1.93,40,19.448,179.9671053,0.841283622
289,RANGAREDDY,Shankarpalli,Shankarpalli,0,198.8604311,170,0.58,70.864,15,55.10541238,1.54,64,58.344,399.9013158,1.198091547
290,RANGAREDDY,Talakondapalli,Talakondapalli,0,269.640006,30,1.49,84.151,7,33.36323429,1.92,56,43.758,319.9259868,0.810990095
291,RANGAREDDY,Yacharam,Yacharam,40,317.513903,70,2.11,77.5075,20,39.58012307,3.51,104,48.62,459.9177632,0.802433798
292,SANGAREDDY,Andole,Jogipet,0,353.6688518,210,1.47,70.864,18,118.3005616,2.57,64,77.792,479.8684211,2.347998877
293,SANGAREDDY,Gummadiddla,Gummadiddla,0,456.6510068,270,0.53,139.5135,20,136.6798124,213.7,72,58.344,419.9013158,2.900032869
294,SANGAREDDY,Hathnoora,Borapatla,0,209.4435835,60,1.46,3.76465,8,31.34381556,2.74,40,34.034,239.9424342,0.879772731
295,SANGAREDDY,Hathnoora,Nasthipur,0,184.1423177,80,1.75,70.864,16,43.85447438,2.32,56,34.034,279.9424342,1.139598075
296,SANGAREDDY,Jinnaram,Ootla,0,158.0539332,220,1.14,20.8163,1,88.21230163,3.26,96,14.586,299.9753289,2.214412624
297,SANGAREDDY,Kalher,Bachapally,0,407.3121038,200,1.25,34.1033,18,105.0818557,1.66,80,77.792,519.8684211,2.003794494
298,SANGAREDDY,Kalher,Meerkhanpally,0,351.6264648,180,1.82,46.28305,24,155.5836327,2.4,88,29.172,339.9506579,3.66883456
299,SANGAREDDY,Kandi,Byathole,0,171.8999814,400,1.79,192.6615,28.25,208.3860012,5,88,63.206,479.8930921,4.13588501
300,SANGAREDDY,Patancheru ,Isnapur,0,265.8204311,170,1.55,11.9583,12,89.49147492,3.01,72,38.896,339.9342105,2.110359254
301,SANGAREDDY,Patancheru ,Patancheruvu,0,167.3295201,80,1.74,14.1728,14.25,41.53655991,1.81,72,9.724,219.9835526,1.217608254
302,SANGAREDDY,R.C.Puram,R.C.Puram,0,226.2310798,140,1.91,19.0447,15.75,74.60801819,1.89,112,4.862,299.9917763,1.872849991
303,SIDDIPET,Gajwel,Gajwel,0,139.8927818,20,0.97,154.79355,12,22.93834923,1.37,72,19.448,259.9671053,0.618550447
304,SIDDIPET,Jagdevpur,Munigadapa,0,198.4039151,130,1.65,47.3903,16,74.85415728,2.15,48,38.896,279.9342105,1.945181368
305,SIDDIPET,Mirdoddi,Bhoompalli,80,260.8060579,130,1.48,60.89875,19,111.089953,2.8,56,53.482,359.9095395,2.545952332
306,SIDDIPET,Mulugu,Mulugu,0,309.7554822,30,2.95,15.5015,5,52.41760271,2.6,64,24.31,259.9588816,1.413503828
307,SIDDIPET,Nanganur,Rampur,60,41.47786319,30,1.04,3.9861,10,26.43778932,2.45,24,9.724,99.98355263,1.149563641
308,SIDDIPET,Raipole,Raipole,60,78.74873419,20,1.47,133.7558,8,20.88274977,2.74,56,24.31,239.9588816,0.586126604
309,SIDDIPET,Siddipet,Siddipet,0,197.8831194,120,1.5,50.0477,18,70.29350433,1.61,48,38.896,279.9342105,1.826666947
310,SIDDIPET,Wargal,Majidpalli,40,109.8365913,20,0.64,3.9861,8,13.96250217,2.42,32,19.448,159.9671053,0.479976611
311,SIRCILLA,Gambhiraopet,Narmal,0,290,150,1.29,56.36909091,82,196,9,56,14.586,199.9753289,6.026151217
312,SIRCILLA,Illanthakunta,Illanthukunta ,0,180,210,1.26,34.82804545,85,179,7,80,5,200,5.503135384
313,SIRCILLA,Konaraopet,Nizamabad,0,270,30,1.11,64.42181818,29,116,5,32,14.586,139.9753289,4.262892735
314,SIRCILLA,Sircilla,Sircilla(urban),0,410,360,1.03,41.87418182,108,199,11,80,102.102,619.8273026,3.475280705
315,SIRCILLA,Vemulawada,Vemulawada(rural),0,280,230,1.77,102.6722727,100,136,34,80,58.344,439.9013158,2.819249044
316,SIRCILLA,Yellareddipet,Racherla Boppaspur,0,220,130,0.94,52.34272727,79,132,2,56,24.31,239.9588816,3.704910155
317,SURYAPET,Arvapally,Kodur,0,370.0174684,40,1.15,65.9921,10,82.12910913,1.14,80,29.172,319.9506579,1.996309035
318,SURYAPET,Arvapally,Nagaram,0,255.5747349,260,0.98,41.85405,18,85.40600488,2.13,128,43.758,499.9259868,1.660763206
319,SURYAPET,Chivemla,B. Chandupatla,0,372.0712839,70,1.61,28.7885,10,69.61665085,2.59,88,34.034,359.9424342,1.59539698
320,SURYAPET,Mattampalle,Raghunadhapalem,0,260.7941141,330,1.42,11.9583,54,168.1888332,1.9,120,34.034,439.9424342,3.486353295
321,SURYAPET,Mellacheruvu,Mellacheruvu,0,413.1396294,130,1.02,9.52235,34,105.7912749,1.99,104,38.896,419.9342105,2.244560866
322,SURYAPET,Nuthankal,Nuthankal,0,367.6615974,50,1.24,26.1311,12,36.05333963,2.31,96,38.896,399.9342105,0.783832715
323,SURYAPET,Thungathurthi,Thungathurthi,0,284.9221219,290,1.11,60.2344,21,106.0090289,7.31,136,48.62,539.9177632,1.983586813
324,VIKARABAD,Bantwaram,Bantwaram,0,152.8008078,70,0.61,50.9335,9,48.81981502,1.54,32,29.172,199.9506579,1.501090494
325,VIKARABAD,Basheerabad,Basheerabad,0,161.7925107,250,0.92,152.8005,20,114.0632183,2.96,72,58.344,419.9013158,2.420160493
326,VIKARABAD,Bomraspet,Bomraspet,40,193.5357264,60,1.24,6.42205,8,81.55781502,0.86,16,29.172,159.9506579,2.803785148
327,VIKARABAD,Dharoor,Dharoor,0,132.4873479,230,1.13,15.72295,15,51.42502361,2.5,64,53.482,379.9095395,1.147113958
328,VIKARABAD,Doma,Doma,0,211.5260128,300,1.5,31.4459,18,67.52827872,4.44,96,72.93,539.8766447,1.263602783
329,VIKARABAD,Doulathabad,Doulathabad,0,223.7277878,50,1.37,31.22445,7,50.60750271,2.6,48,24.31,219.9588816,1.483598275
330,VIKARABAD,Kodangal,Kodangal,0,412.1889332,220,1.48,126.2265,19,100.4303429,2.2,144,68.068,639.8848684,1.726180432
331,VIKARABAD,Kodangal,Rudraram (S),0,232.615877,20,1.04,77.5075,8,17.37714551,0.5,56,38.896,299.9342105,0.436252169
332,VIKARABAD,Marpalli,Marpalli,40,40.77897833,50,0.26,2.2145,17,43.88047755,14.74,8,9.724,59.98355263,2.463357347
333,VIKARABAD,Nawabpet,Vattinenipally(s),80,185.3353195,10,0.83,14.83715,3,27.64329683,0.33,56,24.31,239.9588816,0.775878266
334,VIKARABAD,Parigi,Parigi,0,165.8595359,60,0.56,50.9335,10,21.4156161,1.22,40,38.896,259.9342105,0.577525302
335,VIKARABAD,Peddamul,Peddamul,0,198.9701358,280,0.82,84.151,13,75.58033274,3.64,72,82.654,519.8601974,1.441244556
336,VIKARABAD,Pudur,Pudur,20,51.63016276,20,0.2,33.2175,2,5.076154025,0.22,32,9.724,119.9835526,0.201486567
337,VIKARABAD,Tandur,Tandur,0,245.6334751,310,2.08,44.29,15,122.5261322,2.1,64,77.792,479.8684211,2.431866906
338,VIKARABAD,Vikarabad ,Vikarabad(S),20,118.0448493,40,0.48,31.22445,3,21.54214977,0.36,32,24.31,179.9588816,0.698191508
339,VIKARABAD,Yalal,Yalal,0,129.1686528,10,1.7,44.29,4,12.02327167,0.57,48,9.724,159.9835526,0.41329215
340,WANAPARTHY,Atmakuru,Atmakuru,0,376.4737742,120,2.46,0.68665,28.75,123.0606578,0.29,56,43.758,320,2.991345915
341,WANAPARTHY,Ghanpur,Ghanapur,0,623.7699339,460,1.83,88.6,50,322.1284826,3.2,24,160.446,720,5.220557757
342,WANAPARTHY,Gopalpet,Gopalpet,0,379.6644034,190,1.26,1.17395,37,173.7189712,2.65,32,58.344,320,4.222905856
343,WANAPARTHY,Kothakota,Kanaipally,0,219.5487607,250,0.469,27.5546,28.25,125.9555755,2,72,43.758,360,2.886575747
344,WANAPARTHY,Pangal,Pangal,0,392.4343899,320,1.25,127.584,27.5,224.302459,5.8,24,106.964,500,4.362141847
345,WANAPARTHY,Pebbair,Ayyavaripalli,0,172.6509412,240,0.56,69.7725,32.75,97.37056424,1.55,80,48.62,400,2.116969024
346,WANAPARTHY,Peddamandadi,Peddamandadi,0,494.7210091,380,0.61,170.7765,33.25,273.3512098,25.85,96,87.516,600,4.852562282
347,WARANGAL (R) ,Atmakur,Atmakur,0,340,630,0.42,287.2810455,453,426,132,112,136.136,839.7697368,6.391483222
348,WARANGAL (R) ,Chennaraopet,Chennaraopet,0,130,50,2,44.49131818,36,44,3,16,34.034,179.9424342,1.426126483
349,WARANGAL (R) ,Duggondi,Duggondi,0,130,40,1.11,34.82804545,22,36,2,16,29.172,159.9506579,1.237603843
350,WARANGAL (R) ,Khanapur,Khanapur,0,130,40,1.3,76.29959091,34,67,1,16,24.31,139.9588816,2.462332714
351,WARANGAL (R) ,Narasampet,Narasampet,0,290,120,2.38,69.25345455,57,116,7,32,58.344,319.9013158,2.819824892
352,WARANGAL (R) ,Nekkonda,Ameenpet,0,340,140,2.28,151.5925909,111,193,2,32,68.068,359.8848684,4.423313079
353,WARANGAL (R) ,Parkal,Parkal,0,210,50,1.79,42.47813636,41,72,5,24,34.034,199.9424342,2.213870294
354,WARANGAL (R) ,Parvathagiri,Parvathagiri,0,270,170,0.7,37.24386364,123,134,46,40,53.482,319.9095395,3.25734206
355,WARANGAL (R) ,Rayaparthy,Rayaparthy,0,180,260,0.43,47.51109091,152,154,8,64,58.344,399.9013158,3.348239135
356,WARANGAL (R) ,Sangem,Sangem,0,260,170,0.83,2.415818182,81,128,8,32,53.482,299.9095395,3.213564297
357,WARANGAL (R) ,Wardhannapet,Wardhannapet,0,310,200,0.77,47.10845455,115,152,2,72,58.344,419.9013158,3.225092194
358,WARANGAL (U),Bheemadevarapallly,Vangara,0,80,140,1.59,22.34631818,90,61,2,40,38.896,259.9342105,1.645016575
359,WARANGAL (U),Dharmasagar,Narayanagiri,0,100,240,0.68,130.8568182,199,120,9,88,63.206,479.8930921,2.381667667
360,WARANGAL (U),Hanamkonda,Hanumkonda,0,120,210,1.8,48.92031818,106,111,8,56,43.758,319.9259868,2.698176675
361,WARANGAL (U),Hanamkonda,Mamnoor,0,290,20,4.97,5.636909091,39,58,7,24,43.758,239.9259868,1.628026661
362,WARANGAL (U),Hasanparthi,Seethampet,0,280,90,1.96,27.37927273,75,75,6,24,68.068,339.8848684,1.768754314
363,WARANGAL (U),Kamalapur,Shanigaram,0,320,340,0.1,134.8831818,233,256,102,112,43.758,459.9259868,5.190009525
364,WARANGAL (U),warangal,Charbowli,0,200,80,1.13,19.9305,45,61,5,24,43.758,239.9259868,1.712234936
365,YADADRI,Alair,Kolanpaka,0,493.7687012,250,1.12,7.9722,18,204.088137,12,64,68.068,439.8848684,4.230779719
366,YADADRI,B.Pochampalli,B.Pochampalli,0,420.9032914,580,0.8,7.30785,28,264.1625851,4,216,77.792,859.8684211,3.916764593
368,YADADRI,Choutuppal,D.Malkapur,0,502.0249549,170,1.71,7.30785,29,142.7847594,35,128,58.344,559.9013158,2.623603938
369,YADADRI,Mothukur,Kanchanapalli,0,519.8285956,120,0.49,6.42205,16,205.8761231,20,56,48.62,339.9177632,4.855022145
370,YADADRI,Rajapet,Bondugala,0,327.7191262,390,0.64,7.9722,23,135.2891455,9,240,38.896,759.9342105,2.133767617
372,YADADRI,Rajapet,Rajapet,0,269.9465253,480,1.9,0.66435,25,124.8112546,3,184,68.068,739.8848684,1.995004318
373,YADADRI,Rajapet,Somaram,0,349.9857203,30,1.6,26.1311,7,35.94681076,1,72,43.758,359.9259868,0.823807852
374,YADADRI,Ramannapet,Ramanapet,0,505.2484872,370,2.2,21.2592,17,251.3515851,4,112,77.792,599.8684211,4.461961231
375,YADADRI,S.Narayanpur,S.Narayanpur,0,440.9044094,220,1.12,19.70905,17,148.257707,2,160,63.206,659.8930921,2.509300378
376,YADADRI,Thurkapally,Gandamalla,0,519.8119591,270,1.8,1.99305,37,175.2754183,28,120,111.826,759.8108553,2.764651726
377,YADADRI,Valigonda,T. somaram,0,283.8345419,90,2.8,29.2314,11,147.2480573,3,64,38.896,319.9342105,3.579244751
378,YADADRI,Valigonda,Vemulakonda,0,438.3062545,1500,0.78,167.19475,43,597.8544632,6,424,92.378,1439.84375,6.850305768
379,YADADRI,Y.Gutta,Mallapuram,0,384.5861756,320,3.18,121.7975,14,163.8370391,4,152,34.034,519.9424342,3.123968335
380,YADAGIRI,Nippi,Nippi,0,384.5861756,320,3.18,121.7975,73,163.9370391,4,152,48.934,274.3824,2.353235
